{
    "id": 12345678,
    "data": [0.0000098, 0.000056],
    "distance": [2.340000000,2.34000000]
}